id,number,part,doc_type,edition_year,amendments,title_en,title_de,title_de_source,title_de_note,status,replaces,replaced_by,family,layer,layer_reason,isms_relation,supports_clauses,supports_controls,test,test_via,confirmation,source_1,source_2,read_on
iwa-17,17,,iwa,2014,,Information and operations security and integrity requirements for lottery and gaming organizations,,,"No DIN document for this designation in the DIN Media catalogue, so no German title.",withdrawn,,,other,,,requirements sector,,,B,,confirmed,iso.org /ics/35.030/x/ via r.jina.ai (title + stage only),"genorma.com iso:proj:67508 (stage 95.99, withdrawn 2021-07-22)",2026-08-04
iso-5112,5112,,ts,,,Road vehicles — Guidelines for auditing cybersecurity engineering,,,"No DIN document for this designation in the DIN Media catalogue, so no German title.",under_development,,,other,,,audit sector,,,B,,confirmed,iso.org/standard/92730,sae.org WIP listing (ISO/TS 5112),2026-08-04
iso-7498-2,7498,2,is,1989,,Information processing systems — Open Systems Interconnection — Basic Reference Model — Part 2: Security Architecture,,,"No DIN document for this designation in the DIN Media catalogue, so no German title.",published,,,other,,,terms controls,,,B,,confirmed,BSI Knowledge,"EVS catalog (evs.ee/en/iso-7498-2-1989, status Valid, effective 1989-02-02)",2026-08-04
bs-7799-1,7799,1,is,1999,,Information security management — Code of practice for information security management,,,"No DIN document for this designation in the DIN Media catalogue, so no German title.",withdrawn,,BS ISO/IEC 17799,other,,,controls,,,B,,confirmed,Wikipedia articles,BSI Knowledge (knowledge.bsigroup.com product page),2026-08-04
bs-7799-2,7799,2,is,2002,,Information security management systems — Specification with guidance for use,,,"No DIN document for this designation in the DIN Media catalogue, so no German title.",withdrawn,,BS 7799-2:2005,other,,,requirements,,,B,,confirmed,ENISA D1 Inventory PDF,"NBS Publication Index (thenbs.com, marked Withdrawn)",2026-08-04
iso-iec-17922,17922,,is,2017,,Information technology — Security techniques — Telebiometric authentication framework using biometric hardware security module,,,"No DIN document for this designation in the DIN Media catalogue, so no German title.",published,,,other,,,adjacent,,,A B,,confirmed,buystandardsonline.co.uk ICS_35_040,evs.ee (valid from 05.10.2017),2026-08-04
iso-iec-18028-1,18028,1,is,2006,,Information technology — Security techniques — IT network security — Part 1: Network security management,,,"No DIN document for this designation in the DIN Media catalogue, so no German title.",withdrawn,,ISO/IEC 27033-1:2009,other,,,adjacent,,,A B,,confirmed,iso.org 40008,"EVS catalog (evs.ee/en/iso-iec-18028-1-2006, status Withdrawn, replaced by ISO/IEC 27033-1:2009)",2026-08-04
iso-iec-18028-2,18028,2,is,2006,,Information technology — Security techniques — IT network security — Part 2: Network security architecture,,,"No DIN document for this designation in the DIN Media catalogue, so no German title.",withdrawn,,ISO/IEC 27033-2:2012,other,,,adjacent,,,A B,,confirmed,iso.org 40009 page,"EVS catalog (evs.ee/en/iso-iec-18028-2-2006, status Withdrawn as of 27.07.2012, replaced by ISO/IEC 27033-2:2012)",2026-08-04
iso-iec-18028-5,18028,5,is,2006,,Information technology — Security techniques — IT network security — Part 5: Securing communications across networks using virtual private networks,,,"No DIN document for this designation in the DIN Media catalogue, so no German title.",withdrawn,,ISO/IEC 27033-5,other,,,adjacent,,,A B,,confirmed,IEC Webstore,ISO catalogue entry iso.org/standard/40012.html surfaced via web search,2026-08-04
iso-iec-18043,18043,,is,2006,,"Selection, deployment and operations of intrusion detection systems",,,"No DIN document for this designation in the DIN Media catalogue, so no German title.",withdrawn,,ISO/IEC 27039:2015,other,,,adjacent,,,B,,confirmed,IEC Webstore publication 10642 (fetched directly),"evs.ee (ISO/IEC 18043:2006, Withdrawn from 11.02.2015 - date matches)",2026-08-04
iso-iec-18044,18044,,tr,2004,,Information security incident management,,,"No DIN document for this designation in the DIN Media catalogue, so no German title.",withdrawn,,,other,,,adjacent,,,B,,confirmed,iso.org standard page 35396 via web search,"ANSI webstore (webstore.ansi.org/standards/iso/isoiectr180442004: title confirmed, marked Historical, 'Revised By: ISO/IEC 27035:2011')",2026-08-04
iso-iec-20000-1,20000,1,is,2018,,Information technology — Service management — Part 1: Service management system requirements,,,"No DIN document for this designation in the DIN Media catalogue, so no German title.",published,ISO/IEC 20000-1:2005,,other,,,requirements,,,E,,confirmed,iso.org 70636 page,IEC Webstore (webstore.iec.ch/en/publication/92576),2026-08-04
iso-iec-20000-7,20000,7,tr,2019,,Information technology — Service management — Part 7: Guidance on the integration and correlation of ISO/IEC 20000-1:2018 to ISO 9001:2015 and ISO/IEC 27001:2013,,,"No DIN document for this designation in the DIN Media catalogue, so no German title.",published,,,other,,,adjacent,,,E,,confirmed,iso.org 76542 page,IEC Webstore (webstore.iec.ch/en/publication/65536),2026-08-04
iso-sae-21434,21434,,is,2021,,Road vehicles — Cybersecurity engineering,,,"No DIN document for this designation in the DIN Media catalogue, so no German title.",published,,,other,,,requirements sector,,,B,,confirmed,iso.org standard page https://www.iso.org/standard/70918.html via iso.org-restricted web search,"evs.ee (ISO/SAE 21434:2021, Valid from 31.08.2021)",2026-08-04
iso-iec-42001,42001,,is,2023,,Information technology — Artificial intelligence — Management system,Informationstechnik - Künstliche Intelligenz - Managementsystem,https://www.dinmedia.de/de/norm/din-en-iso-iec-42001/401306709,"Title of DIN EN ISO/IEC 42001:2026-08, the DIN adoption of this edition.",published,,,other,,,adjacent,,,E,,unconfirmed,iso.org /standard/42001,,2026-08-04
iec-81001-5-1,81001,5-1,is,2021,,"Health software and health IT systems safety, effectiveness and security — Part 5-1: Security — Activities in the product life cycle",,,"No DIN document for this designation in the DIN Media catalogue, so no German title.",published,,,other,,,requirements sector,,,B,,confirmed,iso.org 76097,ANSI webstore (IEC 81001-5-1 Ed. 1.0 b:2021),2026-08-04
